Categoria;Artigo;Quantidade;Preço unitário;Valor;Desconto;Valor líquido
MERCEARIA + PET FOOD;ARROZ CAROLINO;3;1,15;3,45;0,00;3,45
MERCEARIA + PET FOOD;POLPA TOMATE 1L;1;1,89;1,89;0,00;1,89
MERCEARIA + PET FOOD;FEIJAO PRETO 820G;1;1,15;1,15;0,00;1,15
MERCEARIA + PET FOOD;WRAPS TRIGO 6UN;3;2,49;7,47;1,50;5,97
MERCEARIA + PET FOOD;NOODLES CARNE 67G;3;1,25;3,75;0,00;3,75
MERCEARIA + PET FOOD;MASSA ESPARGUETE;4;0,69;2,76;0,00;2,76
MERCEARIA + PET FOOD;PÃO HAMBURGUER 4UN;3;1,28;3,84;0,87;2,97
MERCEARIA + PET FOOD;DONUTS 6UN;1,000;2,04;2,04;0,00;2,04
MERCEARIA + PET FOOD;KETCHUP 560G;1;0,98;0,98;0,00;0,98
MERCEARIA + PET FOOD;MOSTARDA 250G;1;1,19;1,19;0,00;1,19
TAKE-AWAY;SANDES ATUM;1,000;2,79;2,79;0,00;2,79
TAKE-AWAY;SANDES PULLED PORK;1,000;3,99;3,99;0,00;3,99
TALHO;BOVINO HAMBURG 120G;6,000;1,38;8,28;0,00;8,28
TALHO;BOVINO HAMBURG 120G;6,000;1,38;8,28;0,00;8,28
TALHO;PORCO BIFANAS/ASSAR;1,532;4,99;7,64;0,76;6,88
TALHO;VITELA ESPETADAS;1,508;14,99;22,60;4,52;18,08
TALHO;PORCO COSTEL. CACHAÇO;1,496;4,99;7,47;0,00;7,47
TALHO;PEITO FRANGO EMB;1,271;6,49;8,25;0,00;8,25
TALHO;PEITO FRANGO EMB;1,386;6,49;9,00;0,00;9,00
FRUTAS E VEGETAIS;ALFACE EMB KG;0,436;1,99;0,87;0,28;0,59
FRUTAS E VEGETAIS;ALHO SECO 250G;1;1,79;1,79;0,00;1,79
PRODUTOS LACTEOS;NATAS CULINARIA 200ML;4;1,24;4,96;0,00;4,96
OVOS;OVOS M 24UN;1;6,35;6,35;0,00;6,35
QUEIJOS;QUEIJO MISTURA 2UN;1;4,79;4,79;0,00;4,79
QUEIJOS;QUEIJO FLAMENGO 500G;1;3,99;3,99;0,00;3,99
BEBIDAS;VINHO TINTO SYRAH;1;5,99;5,99;3,00;2,99
BEBIDAS;VINHO DOURO TINTO;2;7,49;14,98;9,00;5,98
BEBIDAS;VINHO BRANCO BLEND;1;11,99;11,99;6,00;5,99
BEBIDAS;VINHO TINTO 75CL;1;5,99;5,99;3,00;2,99
BEBIDAS;VINHO TINTO RESERVA;1;16,99;16,99;13,00;3,99
BEBIDAS;VINHO BRANCO 25CL;2;0,55;1,10;0,00;1,10
BEBIDAS;CERVEJA LOIRA 30X25CL;3;14,95;44,85;0,00;44,85
BEBIDAS;BEBIDA ENERGETICA;1;1,59;1,59;0,00;1,59
DEPÓSITO VOLTA;VALOR DEPÓSITO;1;0,10;0,10;0,00;0,10
;TOTAL;;;233,15;41,93;191,22
